customer_id,annual_spending,purchase_frequency,age
1,5745.071229516849,15,38
2,4792.603548243223,22,33
3,5971.5328071510385,23,18
4,7284.544784612038,18,26
5,4648.769937914996,21,31
6,4648.794564576229,19,54
7,7368.819223261087,20,41
8,6151.152093729363,12,22
9,4295.788421097572,16,40
10,5813.840065378947,26,20
11,4304.873460781307,15,46
12,4301.405369644614,22,30
13,5362.943407349051,21,34
14,2130.079633013303,16,48
15,2412.623251230451,12,22
16,4156.568706138541,17,21
17,3480.7533194983644,23,29
18,5471.37099889291,18,45
19,3637.963886718184,26,20
20,2881.544447997063,19,18
21,7198.473153382331,20,30
22,4661.335549270197,27,41
23,5101.292307031886,17,47
24,2862.877720679815,27,30
25,4183.425913212226,22,31
26,5166.383884564799,23,47
27,3273.5096338665458,15,18
28,5563.547027518508,34,31
29,4099.041965121793,25,37
30,4562.459375310085,19,39
31,4097.440081655905,18,30
32,7778.417276763406,15,35
33,4979.754162893099,33,18
34,3413.433606566149,22,28
35,6233.817368154783,24,40
36,3168.7345250434664,33,25
37,5313.295392507133,16,36
38,2060.4948141803366,15,39
39,3007.720926652354,18,32
40,5295.291853803686,19,37
41,6107.6998699931155,22,25
42,5257.052421784956,15,33
43,4826.5275764176395,22,41
44,4548.344456616067,21,37
45,2782.217014448859,16,29
46,3920.233687407937,17,37
47,4309.041843560319,20,42
48,6585.683339328374,9,18
49,5515.427434352692,19,47
50,2355.439766955899,17,32
51,5486.125954092193,9,39
52,4422.376579375526,19,47
53,3984.616999541062,20,21
54,5917.514433261302,14,28
55,6546.499283743927,17,32
56,6396.920178674298,16,27
57,3741.1737151660423,33,52
58,4536.181436223178,22,26
59,5496.895147105346,26,29
60,6463.317690683539,29,37
61,4281.238643232065,20,23
62,4721.511535004274,26,31
63,3340.4975389909578,23,38
64,3205.690063878994,16,32
65,6218.7887335912965,18,34
66,7034.360042856235,13,30
67,4891.984817629499,21,20
68,6505.299346838036,26,38
69,5542.454037571451,18,53
70,4032.3203680923134,24,35
71,5542.093408262621,24,37
72,7307.054849698954,25,42
73,4946.260941335073,21,22
74,7346.965483721009,18,52
75,1070.3823438653835,19,37
76,6232.853756562836,18,51
77,5130.570602357257,16,28
78,4551.488974301199,16,53
79,5137.641164803254,21,43
80,2018.6466280986606,22,41
81,4670.4921682437325,18,37
82,5535.668857267619,20,33
83,7216.841067112275,18,47
84,4222.594672589529,21,36
85,3787.2595956602186,21,18
86,4247.364434623195,31,24
87,6373.103176553112,15,33
88,5493.126664489527,18,38
89,4205.359694349442,20,34
90,5769.901149670034,17,47
91,5145.61632402206,24,18
92,6452.967485799334,17,36
93,3946.9203591839714,23,18
94,4508.506780103347,19,43
95,4411.837770301763,15,34
96,2804.727577801822,15,39
97,5444.180415596864,23,26
98,5391.582908269834,21,48
99,5007.670184963691,32,45
100,4648.11929993728,24,41
101,2876.9438869243786,30,34
102,4369.032015851962,16,41
103,4485.928225209846,21,28
104,3796.5840961675717,18,44
105,4758.071432500987,24,51
106,5606.076285221808,25,46
107,7829.278851815796,22,28
108,5261.866719247759,22,39
109,5386.325586084146,21,22
110,4888.331126350749,16,41
111,2121.8431770514376,21,40
112,4960.229186826175,16,18
113,5090.345314911539,21,23
114,8694.86316872793,23,32
115,4711.458552828316,19,32
116,5452.321013500418,14,23
117,4947.932345442135,23,39
118,3246.982943570702,17,38
119,6714.234221772531,15,33
120,6127.899549030161,16,27
121,6186.547920564571,12,45
122,3635.9188178078916,12,52
123,7104.191466404149,16,30
124,2897.2234058115787,26,29
125,5880.285640700406,20,40
126,8285.683438714968,18,31
127,3514.1955123039675,21,34
128,4150.553405595842,19,42
129,5149.477047631462,15,18
130,4244.786518825701,16,48
131,2674.004853400801,13,36
132,5102.844462209041,24,31
133,3406.544429410843,22,34
134,5710.388645952772,28,35
135,3620.863648649295,19,18
136,7324.90160752631,20,50
137,3825.120061495644,20,35
138,4516.907725691487,13,39
139,6220.275826054505,14,45
140,3153.703525349067,24,25
141,5341.189901906194,17,40
142,6960.714131423642,13,32
143,2588.7751481581586,21,43
144,5276.950787798456,19,18
145,5389.824191372635,21,34
146,6172.734307665965,28,29
147,3144.5739336828774,14,39
148,3019.3150803735853,18,40
149,5782.912348425347,24,28
150,5445.477009849779,12,28
151,5375.739275518815,15,34
152,5519.672314245464,22,26
153,3979.9629176322637,28,43
154,5348.380545741506,21,31
155,5439.608709948022,15,18
156,3928.4728729604485,19,31
157,7798.661766717135,18,25
158,5710.749381367681,32,19
159,3213.044754196027,17,23
160,5984.830412950745,19,36
161,3537.977494659018,22,48
162,6180.626905613678,22,38
163,6737.893368511106,15,29
164,3768.976522472434,24,40
165,6445.064193866483,11,30
166,5619.171390404747,14,28
167,6233.090239991735,17,23
168,7845.189473980921,23,18
169,4631.917825995694,25,31
170,3869.3957534637657,17,37
171,3665.728355561715,20,34
172,3776.2845725518428,19,31
173,4884.3474358788435,18,26
174,5511.727962224966,24,41
175,5415.036198995029,19,22
176,6240.774873554035,24,43
177,5019.502837816861,20,25
178,7180.301115735975,31,27
179,4603.014750143066,13,20
180,9080.253749884429,19,30
181,5938.501021647509,13,45
182,3714.2636653755762,15,40
183,3393.6612529083313,23,45
184,5723.708622864778,18,40
185,4664.805822011223,19,24
186,6071.0007411381375,24,32
187,5709.856436860317,23,27
188,4890.756631014691,19,48
189,3729.8094228973923,22,23
190,2727.729162971203,11,44
191,4330.227571899468,15,44
192,6284.598191485208,20,53
193,5321.1406161953055,9,31
194,3131.3918319320182,23,42
195,5259.771388776773,12,58
196,5577.9760695932555,18,29
197,3674.2138456983002,18,20
198,5230.587658918292,22,18
199,5087.3130776689995,15,42
200,3285.5445532540652,22,18
201,5536.681040522425,17,31
202,5841.176789552352,17,39
203,6624.576864762916,22,37
204,6580.703078052355,16,39
205,2933.4959480643633,21,37
206,3593.262440127316,22,48
207,5772.55290081299,24,25
208,5770.678926368313,21,28
209,5772.571529459072,25,27
210,10779.09723598208,14,43
211,5856.3357660397505,28,44
212,6703.348460270899,18,40
213,6431.002645239803,19,47
214,5977.086876958697,29,23
215,4527.096133039481,14,52
216,6138.453830739902,26,50
217,3840.7621781936423,17,42
218,4644.772089889987,28,53
219,4271.954678256345,24,18
220,5122.811209079484,25,30
221,8471.987850010264,24,28
222,2199.102211112378,15,42
223,6029.390285561771,9,24
224,2580.9261932155227,14,43
225,4292.10220131585,25,49
226,6633.42589545105,20,42
227,5096.420028643194,23,38
228,3383.382833106041,21,25
229,3927.0444361100476,17,27
230,6019.396623402014,22,47
231,3904.450052424295,15,43
232,5324.687884372962,13,35
233,5068.35775985572,24,31
234,4022.5994785912744,21,18
235,8215.916133987988,21,24
236,5950.878533477016,18,54
237,1962.2861200135894,21,22
238,5279.681472154141,24,37
239,4007.320302847418,23,45
240,6278.650002194336,31,22
241,3811.2188923509493,18,37
242,4827.895337799651,17,44
243,5757.4809184706855,19,35
244,6298.632791255182,26,64
245,3199.555389416336,18,18
246,4498.248146238578,23,46
247,4287.582033258565,22,33
248,4020.0061511394324,24,43
249,7648.181360421646,21,39
250,5607.472566441434,22,28
251,3108.674068497432,21,37
252,6376.792920582164,21,18
253,8183.23429551895,22,41
254,6548.69789082672,17,38
255,2720.94505106898,20,41
256,4273.648890700623,11,46
257,6900.366723779935,24,39
258,3938.495801571829,24,36
259,5665.729142219343,19,26
260,6161.951080144005,18,28
261,3609.6042926328755,13,47
262,4910.7119659073,21,49
263,500.0,22,33
264,3463.418537998565,22,35
265,4621.14777291026,14,26
266,3128.3252270527255,25,47
267,7448.6169558974525,21,42
268,2854.787933059051,15,54
269,4339.933269954525,18,26
270,5196.110865929137,17,31
271,7161.909933599173,17,37
272,2846.206773230841,19,41
273,6744.745628232439,14,33
274,5015.349591529381,23,26
275,3527.7370234280734,19,44
276,5693.1552113949065,24,42
277,5298.589543360205,21,26
278,4099.674684261808,24,49
279,5104.703127485029,31,47
280,4422.02960470736,11,36
281,5170.276017876872,17,36
282,5993.19601178157,27,41
283,7379.025224218029,17,26
284,3143.2767517597267,19,35
285,8199.5500619844,11,18
286,2071.868300716247,7,44
287,4772.322357446625,27,19
288,5882.475809726865,20,50
289,5421.487801602549,18,32
290,4065.9507202691093,29,33
291,4687.816624464087,19,29
292,4260.498598011751,16,32
293,4115.952864583683,15,49
294,6274.403145531537,21,18
295,5535.523228947571,14,48
296,3960.6356071090186,16,38
297,6349.399813149876,25,23
298,5460.949281314914,20,24
299,6219.29317825844,12,52
300,5944.443262885418,21,26
301,3756.5074836168915,19,23
302,4159.728439704546,25,46
303,6120.940407684893,19,38
304,5915.555398150197,22,26
305,4968.647609053778,11,37
306,5175.991074963173,24,25
307,6916.497343682638,16,46
308,4112.642916746255,15,46
309,5820.646071755057,24,40
310,4696.711021349159,16,39
311,4673.478195159169,16,53
312,6648.165277980785,19,35
313,6238.124523482045,20,23
314,6220.264454000958,13,39
315,6958.218210731494,25,56
316,5031.505762449138,16,25
317,6022.9294569424455,17,31
318,4534.599865109816,21,39
319,5486.249528732663,24,34
320,4804.785418448473,27,25
321,5145.493947489077,15,46
322,5892.735538155371,24,58
323,3772.6689751497915,14,37
324,8138.580913528191,22,26
325,3490.973927750447,19,20
326,3178.717080818402,24,38
327,6737.166310250102,22,46
328,6187.494040944404,26,40
329,5936.179725578233,15,35
330,5942.51826389642,21,29
331,4981.629840729628,25,24
332,3654.1184427712524,23,43
333,5113.70683729059,20,44
334,3984.2574327318325,19,20
335,6462.679600126627,20,51
336,4779.413927746792,18,41
337,3761.7542048112327,13,49
338,4517.92123752051,14,22
339,5619.397181413437,19,21
340,4154.413170794038,22,34
341,3766.669406650353,18,40
342,5365.530817237868,22,53
343,5367.449856663085,22,42
344,4239.585236943305,23,33
345,4293.442541572516,16,25
346,5348.074906036454,17,47
347,2827.8734877540137,23,25
348,2888.804338435167,17,51
349,3922.333668121346,24,32
350,4679.829272432229,17,51
351,5466.361348397007,22,42
352,7213.034325424328,13,34
353,6286.489434803029,19,30
354,4760.09220505486,21,32
355,4971.475688145967,36,39
356,3496.2059530432866,19,36
357,4972.230296011415,17,29
358,4567.012041619792,17,33
359,5484.077840507134,23,36
360,3759.1535846715155,25,18
361,5779.019771361758,26,40
362,7299.108369503867,23,25
363,4836.859777314714,13,23
364,5602.567583148412,17,18
365,6035.215987566668,17,18
366,4398.169292171246,23,21
367,5336.138722715625,22,28
368,5018.888601172693,27,55
369,5146.514147823247,12,30
370,3840.4853242168,24,37
371,5036.765261388414,25,39
372,5746.997436868174,21,36
373,7176.715411692563,22,34
374,6438.90623912781,26,23
375,8229.773686267334,20,50
376,3848.9786556679255,17,53
377,6308.480955081017,24,18
378,5275.013008607528,27,25
379,8284.704399826509,21,32
380,3787.552571967273,21,25
381,3740.4172367288356,16,40
382,4100.911031833966,13,28
383,1814.1564135352896,20,57
384,4211.367467478858,30,47
385,3861.301007669453,23,37
386,5225.590679714312,22,45
387,5512.633963665739,16,46
388,7814.256258823829,20,29
389,6425.635757279075,14,27
390,4134.644516506395,20,36
391,3652.377992977463,21,44
392,5737.8787572597585,16,36
393,3019.650189469037,16,19
394,7747.188148781531,13,27
395,6769.16018108193,24,34
396,4296.236521842943,20,34
397,2430.2982063636837,28,55
398,7030.808561248119,13,21
399,4828.190232121073,14,40
400,6856.724467960193,20,50
401,2608.3585118084493,20,58
402,4100.937465569341,17,31
403,5007.865549577275,19,40
404,5070.470890647113,27,41
405,4324.901792781135,21,37
406,5934.274898521248,25,34
407,3398.5693559261085,22,39
408,4786.430772468059,17,18
409,5180.443447567848,21,42
410,5771.6582510881235,14,36
411,6067.422317133334,19,33
412,3313.036862243196,14,55
413,2698.8287438965667,24,28
414,6916.515232847763,12,31
415,5498.4710179693875,29,55
416,3877.2701951651698,22,27
417,7326.727963283784,21,29
418,5173.511951439288,21,34
419,6768.945776095739,23,43
420,5101.277722115164,27,37
421,8091.121887322981,20,22
422,7633.011263664806,17,30
423,4626.55377728139,21,29
424,6457.356426431534,14,34
425,5968.063924377721,18,39
426,7052.947336298523,22,39
427,3552.6148091298433,23,18
428,6029.077189997659,22,46
429,6587.636730274382,17,38
430,2361.8907703653285,19,49
431,3225.1122310013375,27,39
432,1941.151733359849,17,46
433,4595.889748333163,18,40
434,6076.313383693943,23,48
435,7253.535578144042,18,40
436,5111.142170629662,19,34
437,7442.923318356938,26,58
438,2929.847812677663,15,44
439,2444.926340967268,22,41
440,4916.6784516550715,18,22
441,5576.098173408961,19,22
442,4950.95787785886,22,38
443,1898.836849940185,18,36
444,4866.3199407308175,23,29
445,3043.2957492427204,20,36
446,6004.508823245058,18,51
447,5549.897369145272,15,42
448,3590.1803205089673,24,24
449,4229.199623994959,17,34
450,3411.1797171665726,17,27
451,4905.981354090242,21,31
452,6432.713480751858,31,31
453,3521.410930496684,18,30
454,5756.069773276767,20,22
455,4204.613572441339,21,34
456,3810.690751606484,19,29
457,4839.454460068163,17,18
458,3447.136516370939,11,56
459,4169.526041979227,21,46
460,3203.183161116727,21,31
461,7947.087699374584,19,35
462,5052.895327957593,20,23
463,3950.4117380111215,22,52
464,5320.969866101333,22,54
465,4831.507925463755,19,37
466,4668.545600700166,20,45
467,5921.250050065138,27,37
468,6136.261565070958,20,22
469,4204.2482785842085,14,31
470,4136.27263903298,14,36
471,4587.422454272534,17,30
472,1547.1182528966228,29,33
473,2727.2134067021716,20,34
474,7050.311401166788,21,34
475,7467.451570251926,17,36
476,4626.445940665432,24,24
477,5864.835444583649,20,28
478,5466.875231815304,21,22
479,9618.321212682857,16,45
480,6679.362367151865,25,18
481,4808.123612778851,19,47
482,3566.6893390993614,23,49
483,2590.330519613641,23,32
484,5305.195453800835,17,18
485,3865.4738820735447,24,31
486,2866.619435603489,22,34
487,4030.14067363621,17,25
488,3377.6779945784074,23,30
489,7530.712452608847,23,50
490,6322.459635424176,22,42
491,4988.041038025074,25,26
492,7219.916208335038,13,19
493,5116.052461471428,12,32
494,3708.0736980076044,19,33
495,7284.686115904486,18,40
496,5808.3650655269885,20,30
497,3444.1307685103156,12,40
498,4714.491982874588,24,54
499,3686.5726199228643,10,43
500,2925.800403553496,19,35
501,6389.266321297462,16,33
502,7864.124960705196,19,31
503,2902.148639271288,17,47
504,5844.453855035857,16,29
505,4024.0361463172594,18,35
506,4269.311924352956,20,36
507,4111.409113641696,21,30
508,3704.013845480276,12,21
509,5072.78244191724,16,38
510,3753.5748253834436,21,34
511,5405.685238669758,17,40
512,4924.642835826295,17,30
513,4641.5779297003855,22,47
514,3638.6545069376034,23,26
515,4134.843004147501,10,52
516,6133.0868387386345,23,18
517,5751.375781436571,25,39
518,3533.6671328021735,16,40
519,5148.998458143838,17,27
520,6127.080685057684,18,39
521,2495.8920783179424,25,48
522,5815.040288569902,19,18
523,4006.06436158123,13,40
524,5855.898002889739,20,18
525,3855.111265186225,22,25
526,2292.6768490032214,23,51
527,2558.686343175256,30,29
528,5072.127419992073,17,23
529,5389.583752582223,24,33
530,3643.525062343387,10,56
531,5957.888688166061,31,18
532,2507.71990659656,19,24
533,4900.880302029025,16,50
534,3183.475700356315,18,54
535,4022.245838296761,24,34
536,5071.098006974621,16,23
537,3709.3799520740713,20,56
538,4423.166683655262,16,51
539,6509.439213821661,21,42
540,4134.6621957152765,14,27
541,6253.5381680977125,23,35
542,3305.439718013573,22,33
543,5794.706266872924,23,38
544,7162.35293098685,26,50
545,1292.533249809066,18,44
546,3804.657116794285,13,24
547,5865.60819077081,17,49
548,4695.431920935511,18,38
549,5556.718810056963,14,42
550,4094.022219926269,20,50
551,5129.88468120935,20,24
552,4766.484146911881,32,35
553,6751.673092489711,22,30
554,5381.6312649518195,14,19
555,5506.403993112804,14,38
556,4382.184550816299,24,60
557,4268.59066389126,18,18
558,4351.162718270569,25,35
559,5591.678213567446,24,41
560,4368.523278769606,19,36
561,5434.66228534462,11,34
562,8113.101197968159,16,22
563,6306.687055147539,23,37
564,4510.964701748238,29,27
565,6801.820883245917,32,18
566,4387.886940467673,18,47
567,1942.8131972332194,15,45
568,3487.8705336238936,22,36
569,2193.8121184612164,21,37
570,4472.729773938037,25,46
571,5027.627568784327,18,37
572,7514.655968412924,17,44
573,5490.391060646244,28,32
574,4671.349206786704,20,48
575,6244.1083717752335,23,38
576,1683.2970364881721,14,37
577,5353.4218371628485,22,22
578,6156.29779083045,20,38
579,2782.1206313302378,20,27
580,6715.631064810394,12,29
581,5507.744611241621,24,27
582,4377.068129148798,21,24
583,5949.172799159427,9,56
584,8406.039286706593,19,48
585,5272.799382587743,25,54
586,5372.330879450504,31,23
587,4310.958650689634,21,36
588,3725.233445802812,19,22
589,6245.503724816368,12,28
590,3715.8742611366993,24,26
591,5107.349355829088,20,47
592,4283.513829852325,16,31
593,5718.469738619588,22,46
594,5500.493157930422,21,41
595,6556.309916386848,20,58
596,4234.975401717879,28,20
597,4595.187597059943,22,48
598,3531.854426326539,17,46
599,4333.560109885832,23,25
600,5565.950739567278,19,45
601,6135.482924968028,20,38
602,3616.752013733562,14,33
603,6304.40888015849,19,27
604,7033.456788207426,24,28
605,5620.152354835551,18,55
606,7815.193718837099,21,35
607,3839.3162013446404,24,43
608,3133.017945032874,21,27
609,2331.919626643582,22,27
610,7244.066467233774,13,46
611,5981.548484531087,16,22
612,4916.622993634317,8,31
613,5419.95293947973,26,35
614,3311.7664290524353,30,36
615,8668.627969425239,19,33
616,5193.831772962842,20,39
617,5164.092191907339,17,42
618,6088.649935848038,27,42
619,5721.51384760507,24,25
620,5335.826036418697,20,32
621,3814.2883168320323,21,47
622,5707.202535703994,18,44
623,7823.03674471255,16,21
624,7018.130069232467,20,39
625,7389.779939959095,18,18
626,4233.176485353222,24,35
627,3515.592769612129,15,54
628,4811.3196198505275,20,26
629,5083.587368433042,19,27
630,6641.287277706423,14,43
631,2461.303055427771,20,20
632,7294.32547919092,34,29
633,4762.988152131516,17,41
634,4359.67839507887,16,29
635,3481.8434371097487,16,33
636,2517.714992201346,23,42
637,6234.755875942872,19,39
638,5109.976950782606,18,38
639,3065.058650388419,25,32
640,3057.3818419045756,18,39
641,4496.322951064808,24,34
642,7503.532287934089,21,40
643,4610.612972954593,12,30
644,2745.2855703228406,23,33
645,4631.385403871083,24,25
646,4590.914645378494,30,35
647,954.6700355876424,17,27
648,4918.557700223281,17,24
649,4653.598204686983,24,38
650,6044.309547220128,20,37
651,7773.434142418018,18,43
652,6689.847544321636,25,31
653,4596.6669641677545,23,39
654,3340.211136887495,28,41
655,8860.039704874791,17,39
656,5088.827651021732,15,27
657,5020.8939378694195,23,36
658,4963.812369334995,30,39
659,5297.127141151783,18,35
660,4783.459382114086,24,18
661,4139.506989679646,18,37
662,4179.711588139412,25,57
663,4950.870094676003,19,31
664,4184.862843299353,15,28
665,3930.7313259842535,21,39
666,5159.6453415378455,15,38
667,4617.534173868717,17,47
668,7255.989482874033,22,22
669,1023.5452874104822,16,42
670,6637.260277883693,21,41
671,6869.127788746444,27,34
672,1889.9146513877758,22,38
673,4485.968608879477,21,45
674,4442.8387010063125,17,44
675,2888.732457923268,22,24
676,3833.2749686136867,23,43
677,3334.136231801257,12,34
678,7628.405665135434,17,36
679,6403.517589721192,22,36
680,6907.332642491238,11,33
681,6082.508096064853,29,47
682,3306.422343174156,22,34
683,4213.21960058034,16,24
684,5734.061841841877,23,31
685,3166.8082866620816,17,37
686,6069.4976452585815,11,47
687,4639.511902762797,14,41
688,4437.768788675604,23,26
689,6066.439952305237,19,60
690,5666.39496722906,19,38
691,4458.55075127138,16,48
692,6738.9947050463725,17,33
693,3378.4050086001544,21,40
694,5923.903410416396,17,43
695,5889.651886952575,21,47
696,4535.680341029015,22,46
697,5489.199533363177,16,44
698,3123.3296354220456,23,32
699,6386.040528810352,17,29
700,4722.646795335517,21,38
701,4215.915469221441,30,44
702,6573.513838755334,16,33
703,3943.484464185861,23,46
704,2887.3080554546605,19,50
705,2665.0562397141443,21,26
706,5909.014927018459,19,27
707,3079.3559712555752,15,34
708,7632.191272976546,36,38
709,1877.105888174417,13,30
710,7544.684552435057,27,49
711,5316.526200803928,17,39
712,4854.930332194412,23,35
713,4182.621369786575,21,21
714,5598.704171528107,22,22
715,4943.547946362727,23,38
716,6654.952823024782,16,18
717,5171.341472993059,23,45
718,5225.452642192817,16,33
719,4454.581681679216,17,67
720,4914.581564418399,11,58
721,5461.702653338089,23,33
722,2434.7474110150615,22,34
723,2977.7218668414307,24,45
724,6114.896141034073,28,52
725,5256.298157191913,16,19
726,4724.024995470982,23,18
727,5027.650899598089,20,29
728,5521.372558042506,18,41
729,4190.360479535958,21,40
730,3832.542911896531,17,46
731,5293.767882646523,27,23
732,3532.440833577452,24,18
733,5612.379133571708,22,44
734,2446.124593643239,23,27
735,6543.733455988466,19,18
736,5708.896223619565,29,36
737,5384.044601470813,25,43
738,6474.03647591827,19,34
739,7498.2116666938655,17,30
740,6521.555097527195,11,33
741,2238.688653002532,28,31
742,3080.6345498964474,24,22
743,4062.7721334564817,22,28
744,5039.136575316251,15,40
745,5776.488530703685,12,38
746,3911.384280269802,22,37
747,5280.150146715618,25,25
748,3866.925601470016,13,33
749,4082.7232955120776,17,18
750,2890.0083547276668,20,37
751,3615.1501308336437,18,49
752,2972.4730915754994,30,20
753,3536.190120534001,18,29
754,6580.462694911759,13,38
755,3575.9016667520855,21,48
756,8948.573097256087,22,31
757,5739.976851321334,19,28
758,5277.254185542311,15,18
759,3712.46332972818,15,36
760,6050.4648191134875,16,55
761,4136.543260643339,15,38
762,5183.014721968042,23,35
763,8840.126807403192,20,38
764,4855.910150413025,12,35
765,6723.909989428514,16,27
766,3945.235362311169,13,43
767,4947.517264254558,20,37
768,7656.200953453264,16,35
769,4059.549413318349,18,25
770,7718.672836995393,22,48
771,6061.627903183213,19,42
772,4156.299836158599,20,29
773,5948.611608583282,23,45
774,6458.8316744400945,20,30
775,5932.714943325795,26,27
776,2644.6629201643154,20,27
777,3909.2942362626973,21,18
778,4628.722046672743,18,40
779,4888.349856349931,23,18
780,5931.008146326017,18,23
781,5266.551501399881,16,18
782,2996.983461934848,19,34
783,5570.296776508945,24,33
784,5915.878617925735,20,32
785,5839.68567189656,22,25
786,6621.171088331933,16,23
787,6250.883231823356,23,40
788,5688.770118842655,25,29
789,4894.75143281203,18,38
790,2508.5585997260127,19,26
791,5644.427328698879,19,37
792,5311.531530744667,18,48
793,5407.368255793061,27,41
794,3084.877136269536,18,31
795,3378.4151893876065,33,38
796,6579.729279999356,22,33
797,4940.667269215018,18,35
798,6022.2510460589365,21,32
799,5042.477564195692,16,33
800,5044.634209243618,18,37
801,6407.425708963997,18,25
802,4225.93290767394,23,25
803,5144.181165411475,23,21
804,4306.587066942437,16,19
805,4348.255658851526,20,23
806,4536.241814797041,24,37
807,5333.200657450569,21,26
808,4281.877067504784,24,40
809,6883.634188360281,24,35
810,3658.089046670744,24,18
811,4719.692533757961,14,42
812,4340.403412588737,22,43
813,7170.466826530599,15,25
814,5294.832164767362,26,39
815,6547.766809202953,27,26
816,2771.6594404445423,21,36
817,5400.575398803889,26,22
818,6334.446193435156,22,18
819,5123.425983913136,20,31
820,6598.220562598027,17,34
821,4224.067324849442,17,31
822,7114.021160278369,16,23
823,8448.347185428876,27,31
824,4455.7421593405115,15,38
825,4331.746217898843,23,35
826,7180.076715676551,25,37
827,7369.358218596069,24,28
828,4215.709959270098,23,47
829,4369.719774356214,29,23
830,4577.323086709239,18,40
831,2983.3242334485844,15,47
832,3622.0220802737026,16,40
833,3493.7888498718985,17,33
834,3848.3036523438072,24,30
835,4947.972668919828,13,45
836,5351.3220988047815,18,21
837,7325.7507392211155,16,25
838,3502.4689388918137,26,31
839,6476.483597714876,16,47
840,4679.016733661737,11,39
841,4925.804435521351,23,25
842,6012.229238249905,16,32
843,3315.916967656552,19,29
844,5573.614619276076,24,28
845,5249.678312319584,17,45
846,5738.676896012224,16,21
847,5433.752965861727,24,51
848,8682.950209866342,24,43
849,4043.390023623026,25,46
850,4203.5045674972735,21,30
851,4065.2892103628537,26,34
852,4166.784321259618,24,21
853,4043.919309040223,23,30
854,6783.524796661328,16,40
855,7130.756371984782,18,48
856,4143.880559375785,24,24
857,3751.4666403436568,21,31
858,5707.123334579606,19,33
859,4171.665433578543,22,21
860,5949.397726633266,29,41
861,5304.38453127695,20,28
862,2726.383827504152,23,33
863,7321.257801995092,17,30
864,7693.816509643282,22,27
865,4080.8169642734206,15,35
866,4418.447660096024,19,33
867,5428.798086087358,25,31
868,5501.685184980537,21,28
869,5987.816409009246,31,38
870,8015.306808149524,20,52
871,4734.579158758926,15,36
872,3802.5541331923196,17,45
873,2931.021157978209,21,21
874,3903.6049400871216,18,37
875,4950.309540689304,12,24
876,7691.836795276682,22,20
877,4223.583051445743,15,28
878,5335.681927458348,17,47
879,4975.3656558908715,27,45
880,6782.589910172126,25,37
881,8790.398638810433,18,20
882,4203.696840619519,12,33
883,4265.840836222666,12,38
884,6566.241315603608,16,37
885,6022.8372344394675,17,18
886,7770.06098860405,15,26
887,5875.892277988946,17,34
888,4461.061863819411,18,40
889,5885.982246038464,16,18
890,6663.055370874362,16,33
891,6230.723271796046,22,36
892,5760.911046660946,16,43
893,6600.012034383731,14,42
894,6753.943385668509,26,41
895,7073.238486556291,12,27
896,5973.064831384464,17,18
897,4749.322879524719,24,31
898,5220.070529649985,21,45
899,6809.763449762535,14,49
900,3774.596493519146,17,42
901,5553.009963309351,12,39
902,4409.991781508959,17,39
903,5043.117234402226,11,29
904,6917.677793910948,19,34
905,5286.648602029855,21,52
906,5069.6548222342235,17,26
907,2960.2157885301212,26,51
908,6119.380349040831,15,32
909,5968.226271711613,23,48
910,8244.88208495819,20,21
911,4538.332647570499,18,41
912,5328.7254914959085,19,28
913,5374.075525566133,19,21
914,7366.179919645212,14,37
915,4857.056701419572,30,45
916,5418.532288655509,21,27
917,5911.844764574809,20,20
918,5279.913684734537,16,34
919,4330.349578174208,18,34
920,5291.134989347462,14,40
921,6610.447624789658,15,44
922,3460.22705088341,16,34
923,5199.454511220314,25,54
924,3949.81877759124,21,37
925,6792.569943387263,18,32
926,2715.219642824338,18,19
927,4161.617229092618,21,32
928,5565.817812596782,24,32
929,7348.286043851511,22,45
930,4901.374608390518,16,40
931,4167.200709960202,16,23
932,7821.7356041608855,24,37
933,2827.979149375634,23,42
934,1701.7910650698773,19,50
935,5660.021675079998,13,44
936,4246.918663471083,28,43
937,3468.15077430393,17,36
938,6062.5346709490295,20,39
939,5365.701070656798,24,47
940,4153.882053894908,20,22
941,3079.5434019936583,24,32
942,6308.685992420217,25,27
943,5975.3017669379915,18,39
944,4851.236204330926,21,47
945,7769.955494071499,20,29
946,3394.872850510771,10,18
947,2711.7122436128916,21,31
948,3962.1378951781335,25,44
949,4931.620975466753,16,40
950,5365.009173984038,23,39
951,4638.145913215505,21,32
952,5528.083094771445,15,22
953,3122.6908637143342,24,40
954,7165.646906109889,23,27
955,4876.773232411147,24,57
956,6675.943747382192,22,41
957,5514.088019566556,28,29
958,5685.129828730676,11,29
959,5854.650920348306,25,34
960,5671.562840025972,24,33
961,5964.084139801316,18,46
962,6993.728795198647,31,37
963,5294.781754552205,28,28
964,6063.505636382768,21,54
965,4865.39645856916,17,35
966,7160.17582317421,23,43
967,3985.4115469110957,23,29
968,7701.410649366224,18,39
969,4939.763074033485,19,38
970,2853.837346822928,18,18
971,5192.156622366184,29,55
972,3978.422513787679,18,48
973,6260.965323483086,11,31
974,4021.0640310464137,15,24
975,4330.72485017783,19,38
976,2165.6889035817035,16,36
977,4321.540521126385,22,39
978,1364.181010056565,24,37
979,2624.145764771415,24,40
980,6140.621984216446,22,49
981,6178.700237976248,19,41
982,5638.186342677447,17,25
983,3549.5357853061805,17,49
984,4928.43296578703,15,51
985,4994.596191364148,19,67
986,3262.452966211186,14,24
987,7255.097452650725,20,37
988,6316.043435863507,20,18
989,4668.553739255504,21,41
990,5040.328758491796,15,30
991,5312.574211921329,21,54
992,1937.397697363564,18,27
993,4629.233926219104,25,18
994,3977.0236280033023,19,30
995,3497.5699851576264,24,18
996,4578.349560671068,21,43
997,7696.529790274284,16,18
998,5961.264291900515,21,35
999,4143.231515325805,20,18
1000,5858.874172034238,15,32
